-- FFXIV_2_Improvement_Core
-- Author: HaoJun0823
-- DateCreated: 11/3/2021 6:06:31 PM
--------------------------------------------------------------

INSERT INTO ImprovementModifiers (ImprovementType, ModifierId) VALUES 
('IMPROVEMENT_FFXIV_2_SEA', 'MODIFIER_FFXIV_2_SEA_IMPROVEMENT_GOLD');

INSERT INTO Modifiers (ModifierId, ModifierType, RunOnce, Permanent, NewOnly, OwnerRequirementSetId, SubjectRequirementSetId) VALUES 
('MODIFIER_FFXIV_2_SEA_IMPROVEMENT_GOLD', 'MODIFIER_SINGLE_CITY_ADJUST_YIELD_FOR_TERRAIN_CLASS_CITIES_IMPROVEMENT', 0, 0, 0, NULL, NULL);

INSERT INTO ModifierArguments (ModifierId, Name, Value) VALUES 
('MODIFIER_FFXIV_2_SEA_IMPROVEMENT_GOLD', 'Amount', '1'), 
('MODIFIER_FFXIV_2_SEA_IMPROVEMENT_GOLD', 'ImprovementType', 'IMPROVEMENT_FFXIV_2_SEA'), 
('MODIFIER_FFXIV_2_SEA_IMPROVEMENT_GOLD', 'YieldType', 'YIELD_GOLD');

INSERT INTO ImprovementModifiers (ImprovementType, ModifierId) VALUES 
('IMPROVEMENT_FFXIV_2_SEA', 'MODIFIER_FFXIV_2_SEA_IMPROVEMENT_CULTURE');

INSERT INTO Modifiers (ModifierId, ModifierType, RunOnce, Permanent, NewOnly, OwnerRequirementSetId, SubjectRequirementSetId) VALUES 
('MODIFIER_FFXIV_2_SEA_IMPROVEMENT_CULTURE', 'MODIFIER_SINGLE_CITY_ADJUST_YIELD_FOR_TERRAIN_CLASS_CITIES_IMPROVEMENT', 0, 0, 0, NULL, NULL);

INSERT INTO ModifierArguments (ModifierId, Name, Value) VALUES 
('MODIFIER_FFXIV_2_SEA_IMPROVEMENT_CULTURE', 'Amount', '1'), 
('MODIFIER_FFXIV_2_SEA_IMPROVEMENT_CULTURE', 'ImprovementType', 'IMPROVEMENT_FFXIV_2_SEA'), 
('MODIFIER_FFXIV_2_SEA_IMPROVEMENT_CULTURE', 'YieldType', 'YIELD_CULTURE');

INSERT INTO ImprovementModifiers (ImprovementType, ModifierId) VALUES 
('IMPROVEMENT_FFXIV_2_SEA', 'MODIFIER_FFXIV_2_SEA_IMPROVEMENT_PRODUCTION');

INSERT INTO Modifiers (ModifierId, ModifierType, RunOnce, Permanent, NewOnly, OwnerRequirementSetId, SubjectRequirementSetId) VALUES 
('MODIFIER_FFXIV_2_SEA_IMPROVEMENT_PRODUCTION', 'MODIFIER_SINGLE_CITY_ADJUST_YIELD_FOR_TERRAIN_CLASS_CITIES_IMPROVEMENT', 0, 0, 0, NULL, NULL);

INSERT INTO ModifierArguments (ModifierId, Name, Value) VALUES 
('MODIFIER_FFXIV_2_SEA_IMPROVEMENT_PRODUCTION', 'Amount', '1'), 
('MODIFIER_FFXIV_2_SEA_IMPROVEMENT_PRODUCTION', 'ImprovementType', 'IMPROVEMENT_FFXIV_2_SEA'), 
('MODIFIER_FFXIV_2_SEA_IMPROVEMENT_PRODUCTION', 'YieldType', 'YIELD_PRODUCTION');
