-- FFXIV_2_Belief_Core_Attach
-- Author: HaoJun0823
-- DateCreated: 11/4/2021 12:39:08 AM
--------------------------------------------------------------
INSERT INTO Modifiers (ModifierId, ModifierType, RunOnce, Permanent, NewOnly, OwnerRequirementSetId, SubjectRequirementSetId) VALUES 
('MODIFIER_BELIEF_FFXIV_2_GLOBAL_SCIENCE_ATTACH', 'MODIFIER_ALL_CITIES_ATTACH_MODIFIER', 0, 0, 0, NULL, 'CITY_FOLLOWS_PANTHEON_REQUIREMENTS');

INSERT INTO ModifierArguments (ModifierId, Name, Value) VALUES 
('MODIFIER_BELIEF_FFXIV_2_GLOBAL_SCIENCE_ATTACH', 'ModifierId', 'MODIFIER_BELIEF_FFXIV_2_GLOBAL_SCIENCE');

INSERT INTO Modifiers (ModifierId, ModifierType, RunOnce, Permanent, NewOnly, OwnerRequirementSetId, SubjectRequirementSetId) VALUES 
('MODIFIER_BELIEF_FFXIV_2_GLOBAL_CULTURE_ATTACH', 'MODIFIER_ALL_CITIES_ATTACH_MODIFIER', 0, 0, 0, NULL, 'CITY_FOLLOWS_PANTHEON_REQUIREMENTS');

INSERT INTO ModifierArguments (ModifierId, Name, Value) VALUES 
('MODIFIER_BELIEF_FFXIV_2_GLOBAL_CULTURE_ATTACH', 'ModifierId', 'MODIFIER_BELIEF_FFXIV_2_GLOBAL_CULTURE');

--FIRE

INSERT INTO BeliefModifiers (BeliefType, ModifierId) VALUES 
('BELIEF_FFXIV_2_FIRE', 'MODIFIER_BELIEF_FFXIV_2_FIRE_NO_STRATEGIC_ATTACH');

INSERT INTO Modifiers (ModifierId, ModifierType, RunOnce, Permanent, NewOnly, OwnerRequirementSetId, SubjectRequirementSetId) VALUES 
('MODIFIER_BELIEF_FFXIV_2_FIRE_NO_STRATEGIC_ATTACH', 'MODIFIER_ALL_PLAYERS_ATTACH_MODIFIER', 0, 0, 0, NULL, 'PLAYER_HAS_PANTHEON_REQUIREMENTS');

INSERT INTO ModifierArguments (ModifierId, Name, Value) VALUES 
('MODIFIER_BELIEF_FFXIV_2_FIRE_NO_STRATEGIC_ATTACH', 'ModifierId', 'MODIFIER_BELIEF_FFXIV_2_FIRE_NO_STRATEGIC');

INSERT INTO BeliefModifiers (BeliefType, ModifierId) VALUES 
('BELIEF_FFXIV_2_FIRE', 'MODIFIER_BELIEF_FFXIV_2_FIRE_HOUSING_ATTACH');

INSERT INTO Modifiers (ModifierId, ModifierType, RunOnce, Permanent, NewOnly, OwnerRequirementSetId, SubjectRequirementSetId) VALUES 
('MODIFIER_BELIEF_FFXIV_2_FIRE_HOUSING_ATTACH', 'MODIFIER_ALL_CITIES_ATTACH_MODIFIER', 0, 0, 0, NULL, 'CITY_FOLLOWS_PANTHEON_REQUIREMENTS');

INSERT INTO ModifierArguments (ModifierId, Name, Value) VALUES 
('MODIFIER_BELIEF_FFXIV_2_FIRE_HOUSING_ATTACH', 'ModifierId', 'MODIFIER_BELIEF_FFXIV_2_FIRE_HOUSING');

--LAND

INSERT INTO BeliefModifiers (BeliefType, ModifierId) VALUES 
('BELIEF_FFXIV_2_LAND', 'MODIFIER_BELIEF_FFXIV_2_LAND_PRODUCTION_ATTACH');

INSERT INTO Modifiers (ModifierId, ModifierType, RunOnce, Permanent, NewOnly, OwnerRequirementSetId, SubjectRequirementSetId) VALUES 
('MODIFIER_BELIEF_FFXIV_2_LAND_PRODUCTION_ATTACH', 'MODIFIER_ALL_CITIES_ATTACH_MODIFIER', 0, 0, 0, NULL, 'CITY_FOLLOWS_PANTHEON_REQUIREMENTS');

INSERT INTO ModifierArguments (ModifierId, Name, Value) VALUES 
('MODIFIER_BELIEF_FFXIV_2_LAND_PRODUCTION_ATTACH', 'ModifierId', 'MODIFIER_BELIEF_FFXIV_2_LAND_PRODUCTION');

INSERT INTO BeliefModifiers (BeliefType, ModifierId) VALUES 
('BELIEF_FFXIV_2_LAND', 'MODIFIER_BELIEF_FFXIV_2_LAND_PRODUCTION_GOLDEN_ATTACH');

INSERT INTO Modifiers (ModifierId, ModifierType, RunOnce, Permanent, NewOnly, OwnerRequirementSetId, SubjectRequirementSetId) VALUES 
('MODIFIER_BELIEF_FFXIV_2_LAND_PRODUCTION_GOLDEN_ATTACH', 'MODIFIER_ALL_PLAYERS_ATTACH_MODIFIER', 0, 0, 0, NULL, 'PLAYER_HAS_PANTHEON_REQUIREMENTS');

INSERT INTO ModifierArguments (ModifierId, Name, Value) VALUES 
('MODIFIER_BELIEF_FFXIV_2_LAND_PRODUCTION_GOLDEN_ATTACH', 'ModifierId', 'MODIFIER_BELIEF_FFXIV_2_LAND_PRODUCTION_GOLDEN');

--WIND

INSERT INTO BeliefModifiers (BeliefType, ModifierId) VALUES 
('BELIEF_FFXIV_2_WIND', 'MODIFIER_BELIEF_FFXIV_2_WIND_HARVEST_ATTACH');

INSERT INTO Modifiers (ModifierId, ModifierType, RunOnce, Permanent, NewOnly, OwnerRequirementSetId, SubjectRequirementSetId) VALUES 
('MODIFIER_BELIEF_FFXIV_2_WIND_HARVEST_ATTACH', 'MODIFIER_ALL_PLAYERS_ATTACH_MODIFIER', 0, 0, 0, NULL, 'PLAYER_HAS_PANTHEON_REQUIREMENTS');

INSERT INTO ModifierArguments (ModifierId, Name, Value) VALUES 
('MODIFIER_BELIEF_FFXIV_2_WIND_HARVEST_ATTACH', 'ModifierId', 'MODIFIER_BELIEF_FFXIV_2_WIND_HARVEST');

INSERT INTO BeliefModifiers (BeliefType, ModifierId) VALUES 
('BELIEF_FFXIV_2_WIND', 'MODIFIER_BELIEF_FFXIV_2_WIND_MOVEMENT_ATTACH');

INSERT INTO Modifiers (ModifierId, ModifierType, RunOnce, Permanent, NewOnly, OwnerRequirementSetId, SubjectRequirementSetId) VALUES 
('MODIFIER_BELIEF_FFXIV_2_WIND_MOVEMENT_ATTACH', 'MODIFIER_ALL_PLAYERS_ATTACH_MODIFIER', 0, 0, 0, NULL, 'PLAYER_HAS_PANTHEON_REQUIREMENTS');

INSERT INTO ModifierArguments (ModifierId, Name, Value) VALUES 
('MODIFIER_BELIEF_FFXIV_2_WIND_MOVEMENT_ATTACH', 'ModifierId', 'MODIFIER_BELIEF_FFXIV_2_WIND_MOVEMENT');

--WATER

INSERT INTO BeliefModifiers (BeliefType, ModifierId) VALUES 
('BELIEF_FFXIV_2_WATER', 'MODIFIER_BELIEF_FFXIV_2_WATER_COAST_HEAL_ATTACH');

INSERT INTO Modifiers (ModifierId, ModifierType, RunOnce, Permanent, NewOnly, OwnerRequirementSetId, SubjectRequirementSetId) VALUES 
('MODIFIER_BELIEF_FFXIV_2_WATER_COAST_HEAL_ATTACH', 'MODIFIER_ALL_PLAYERS_ATTACH_MODIFIER', 0, 0, 0, NULL, 'PLAYER_HAS_PANTHEON_REQUIREMENTS');

INSERT INTO ModifierArguments (ModifierId, Name, Value) VALUES 
('MODIFIER_BELIEF_FFXIV_2_WATER_COAST_HEAL_ATTACH', 'ModifierId', 'MODIFIER_BELIEF_FFXIV_2_WATER_COAST_HEAL');

INSERT INTO BeliefModifiers (BeliefType, ModifierId) VALUES 
('BELIEF_FFXIV_2_WATER', 'MODIFIER_BELIEF_FFXIV_2_WATER_COAST_ATTACH');

INSERT INTO Modifiers (ModifierId, ModifierType, RunOnce, Permanent, NewOnly, OwnerRequirementSetId, SubjectRequirementSetId) VALUES 
('MODIFIER_BELIEF_FFXIV_2_WATER_COAST_ATTACH', 'MODIFIER_ALL_CITIES_ATTACH_MODIFIER', 0, 0, 0, NULL, 'CITY_FOLLOWS_PANTHEON_REQUIREMENTS');

INSERT INTO ModifierArguments (ModifierId, Name, Value) VALUES 
('MODIFIER_BELIEF_FFXIV_2_WATER_COAST_ATTACH', 'ModifierId', 'MODIFIER_BELIEF_FFXIV_2_WATER_COAST');

INSERT INTO BeliefModifiers (BeliefType, ModifierId) VALUES 
('BELIEF_FFXIV_2_WATER', 'MODIFIER_BELIEF_FFXIV_2_WATER_OCEAN_ATTACH');

INSERT INTO Modifiers (ModifierId, ModifierType, RunOnce, Permanent, NewOnly, OwnerRequirementSetId, SubjectRequirementSetId) VALUES 
('MODIFIER_BELIEF_FFXIV_2_WATER_OCEAN_ATTACH', 'MODIFIER_ALL_CITIES_ATTACH_MODIFIER', 0, 0, 0, NULL, 'CITY_FOLLOWS_PANTHEON_REQUIREMENTS');

INSERT INTO ModifierArguments (ModifierId, Name, Value) VALUES 
('MODIFIER_BELIEF_FFXIV_2_WATER_OCEAN_ATTACH', 'ModifierId', 'MODIFIER_BELIEF_FFXIV_2_WATER_OCEAN');

--THUNDER

INSERT INTO BeliefModifiers (BeliefType, ModifierId) VALUES 
('BELIEF_FFXIV_2_THUNDER', 'MODIFIER_BELIEF_FFXIV_2_WONDER_ERA_19_ATTACH');

INSERT INTO Modifiers (ModifierId, ModifierType, RunOnce, Permanent, NewOnly, OwnerRequirementSetId, SubjectRequirementSetId) VALUES 
('MODIFIER_BELIEF_FFXIV_2_WONDER_ERA_19_ATTACH', 'MODIFIER_ALL_PLAYERS_ATTACH_MODIFIER', 0, 0, 0, NULL, 'PLAYER_HAS_PANTHEON_REQUIREMENTS');

INSERT INTO ModifierArguments (ModifierId, Name, Value) VALUES 
('MODIFIER_BELIEF_FFXIV_2_WONDER_ERA_19_ATTACH', 'ModifierId', 'MODIFIER_BELIEF_FFXIV_2_WONDER_ERA_19');

INSERT INTO BeliefModifiers (BeliefType, ModifierId) VALUES 
('BELIEF_FFXIV_2_THUNDER', 'MODIFIER_BELIEF_FFXIV_2_WONDER_ERA_29_ATTACH');

INSERT INTO Modifiers (ModifierId, ModifierType, RunOnce, Permanent, NewOnly, OwnerRequirementSetId, SubjectRequirementSetId) VALUES 
('MODIFIER_BELIEF_FFXIV_2_WONDER_ERA_29_ATTACH', 'MODIFIER_ALL_PLAYERS_ATTACH_MODIFIER', 0, 0, 0, NULL, 'PLAYER_HAS_PANTHEON_REQUIREMENTS');

INSERT INTO ModifierArguments (ModifierId, Name, Value) VALUES 
('MODIFIER_BELIEF_FFXIV_2_WONDER_ERA_29_ATTACH', 'ModifierId', 'MODIFIER_BELIEF_FFXIV_2_WONDER_ERA_29');

INSERT INTO BeliefModifiers (BeliefType, ModifierId) VALUES 
('BELIEF_FFXIV_2_THUNDER', 'MODIFIER_BELIEF_FFXIV_2_WONDER_ERA_39_ATTACH');

INSERT INTO Modifiers (ModifierId, ModifierType, RunOnce, Permanent, NewOnly, OwnerRequirementSetId, SubjectRequirementSetId) VALUES 
('MODIFIER_BELIEF_FFXIV_2_WONDER_ERA_39_ATTACH', 'MODIFIER_ALL_PLAYERS_ATTACH_MODIFIER', 0, 0, 0,  NULL, 'PLAYER_HAS_PANTHEON_REQUIREMENTS');

INSERT INTO ModifierArguments (ModifierId, Name, Value) VALUES 
('MODIFIER_BELIEF_FFXIV_2_WONDER_ERA_39_ATTACH', 'ModifierId', 'MODIFIER_BELIEF_FFXIV_2_WONDER_ERA_39');

INSERT INTO BeliefModifiers (BeliefType, ModifierId) VALUES 
('BELIEF_FFXIV_2_THUNDER', 'MODIFIER_BELIEF_FFXIV_2_WONDER_ERA_49_ATTACH');

INSERT INTO Modifiers (ModifierId, ModifierType, RunOnce, Permanent, NewOnly, OwnerRequirementSetId, SubjectRequirementSetId) VALUES 
('MODIFIER_BELIEF_FFXIV_2_WONDER_ERA_49_ATTACH', 'MODIFIER_ALL_PLAYERS_ATTACH_MODIFIER', 0, 0, 0,  NULL, 'PLAYER_HAS_PANTHEON_REQUIREMENTS');

INSERT INTO ModifierArguments (ModifierId, Name, Value) VALUES 
('MODIFIER_BELIEF_FFXIV_2_WONDER_ERA_49_ATTACH', 'ModifierId', 'MODIFIER_BELIEF_FFXIV_2_WONDER_ERA_49');

INSERT INTO BeliefModifiers (BeliefType, ModifierId) VALUES 
('BELIEF_FFXIV_2_THUNDER', 'MODIFIER_BELIEF_FFXIV_2_WONDER_ERA_59_ATTACH');

INSERT INTO Modifiers (ModifierId, ModifierType, RunOnce, Permanent, NewOnly, OwnerRequirementSetId, SubjectRequirementSetId) VALUES 
('MODIFIER_BELIEF_FFXIV_2_WONDER_ERA_59_ATTACH', 'MODIFIER_ALL_PLAYERS_ATTACH_MODIFIER', 0, 0, 0, NULL, 'PLAYER_HAS_PANTHEON_REQUIREMENTS');

INSERT INTO ModifierArguments (ModifierId, Name, Value) VALUES 
('MODIFIER_BELIEF_FFXIV_2_WONDER_ERA_59_ATTACH', 'ModifierId', 'MODIFIER_BELIEF_FFXIV_2_WONDER_ERA_59');

INSERT INTO BeliefModifiers (BeliefType, ModifierId) VALUES 
('BELIEF_FFXIV_2_THUNDER', 'MODIFIER_BELIEF_FFXIV_2_WONDER_ERA_69_ATTACH');

INSERT INTO Modifiers (ModifierId, ModifierType, RunOnce, Permanent, NewOnly, OwnerRequirementSetId, SubjectRequirementSetId) VALUES 
('MODIFIER_BELIEF_FFXIV_2_WONDER_ERA_69_ATTACH', 'MODIFIER_ALL_PLAYERS_ATTACH_MODIFIER', 0, 0, 0, NULL, 'PLAYER_HAS_PANTHEON_REQUIREMENTS');

INSERT INTO ModifierArguments (ModifierId, Name, Value) VALUES 
('MODIFIER_BELIEF_FFXIV_2_WONDER_ERA_69_ATTACH', 'ModifierId', 'MODIFIER_BELIEF_FFXIV_2_WONDER_ERA_69');

INSERT INTO BeliefModifiers (BeliefType, ModifierId) VALUES 
('BELIEF_FFXIV_2_THUNDER', 'MODIFIER_BELIEF_FFXIV_2_WONDER_ERA_79_ATTACH');

INSERT INTO Modifiers (ModifierId, ModifierType, RunOnce, Permanent, NewOnly, OwnerRequirementSetId, SubjectRequirementSetId) VALUES 
('MODIFIER_BELIEF_FFXIV_2_WONDER_ERA_79_ATTACH', 'MODIFIER_ALL_PLAYERS_ATTACH_MODIFIER', 0, 0, 0,  NULL, 'PLAYER_HAS_PANTHEON_REQUIREMENTS');

INSERT INTO ModifierArguments (ModifierId, Name, Value) VALUES 
('MODIFIER_BELIEF_FFXIV_2_WONDER_ERA_79_ATTACH', 'ModifierId', 'MODIFIER_BELIEF_FFXIV_2_WONDER_ERA_79');

INSERT INTO BeliefModifiers (BeliefType, ModifierId) VALUES 
('BELIEF_FFXIV_2_THUNDER', 'MODIFIER_BELIEF_FFXIV_2_WONDER_ERA_89_ATTACH');

INSERT INTO Modifiers (ModifierId, ModifierType, RunOnce, Permanent, NewOnly, OwnerRequirementSetId, SubjectRequirementSetId) VALUES 
('MODIFIER_BELIEF_FFXIV_2_WONDER_ERA_89_ATTACH', 'MODIFIER_ALL_PLAYERS_ATTACH_MODIFIER', 0, 0, 0, NULL, 'PLAYER_HAS_PANTHEON_REQUIREMENTS');

INSERT INTO ModifierArguments (ModifierId, Name, Value) VALUES 
('MODIFIER_BELIEF_FFXIV_2_WONDER_ERA_89_ATTACH', 'ModifierId', 'MODIFIER_BELIEF_FFXIV_2_WONDER_ERA_89');

INSERT INTO BeliefModifiers (BeliefType, ModifierId) VALUES 
('BELIEF_FFXIV_2_THUNDER', 'MODIFIER_FFXIV_2_THUNDER_EXTRA_DISTRICT_ATTACH');

INSERT INTO Modifiers (ModifierId, ModifierType, RunOnce, Permanent, NewOnly, OwnerRequirementSetId, SubjectRequirementSetId) VALUES 
('MODIFIER_FFXIV_2_THUNDER_EXTRA_DISTRICT_ATTACH', 'MODIFIER_ALL_CITIES_ATTACH_MODIFIER', 0, 0, 0, NULL, 'CITY_FOLLOWS_PANTHEON_REQUIREMENTS');

INSERT INTO ModifierArguments (ModifierId, Name, Value) VALUES 
('MODIFIER_FFXIV_2_THUNDER_EXTRA_DISTRICT_ATTACH', 'ModifierId', 'MODIFIER_FFXIV_2_THUNDER_EXTRA_DISTRICT');