-- LEADER_FFXIV_2_FOREST_MAIN
-- Author: HaoJun0823
-- DateCreated: 11/2/2021 6:26:51 PM
--------------------------------------------------------------
INSERT INTO TraitModifiers (TraitType, ModifierId) VALUES 
('TRAIT_LEADER_FFXIV_2_FOREST_MAIN', 'MODIFIER_FFXIV_2_UNITS_HEAL_PER_TURN');

INSERT INTO Modifiers (ModifierId, ModifierType, RunOnce, Permanent, NewOnly, OwnerRequirementSetId, SubjectRequirementSetId) VALUES 
('MODIFIER_FFXIV_2_UNITS_HEAL_PER_TURN', 'MODIFIER_PLAYER_UNITS_ADJUST_HEAL_PER_TURN', 0, 0, 0, NULL, NULL);

INSERT INTO ModifierArguments (ModifierId, Name, Value) VALUES 
('MODIFIER_FFXIV_2_UNITS_HEAL_PER_TURN', 'Amount', '10'), 
('MODIFIER_FFXIV_2_UNITS_HEAL_PER_TURN', 'Type', 'ALL');

INSERT INTO TraitModifiers (TraitType, ModifierId) VALUES 
('TRAIT_LEADER_FFXIV_2_FOREST_MAIN', 'MODIFIER_FFXIV_2_CAN_BUY_UNIT_BY_FAITH_RECON');

INSERT INTO Modifiers (ModifierId, ModifierType, RunOnce, Permanent, NewOnly, OwnerRequirementSetId, SubjectRequirementSetId) VALUES 
('MODIFIER_FFXIV_2_CAN_BUY_UNIT_BY_FAITH_RECON', 'MODIFIER_PLAYER_CITIES_ENABLE_UNIT_FAITH_PURCHASE', 0, 0, 0, NULL, NULL);

INSERT INTO ModifierArguments (ModifierId, Name, Value) VALUES 
('MODIFIER_FFXIV_2_CAN_BUY_UNIT_BY_FAITH_RECON', 'Tag', 'CLASS_RECON');

INSERT INTO TraitModifiers (TraitType, ModifierId) VALUES 
('TRAIT_LEADER_FFXIV_2_FOREST_MAIN', 'MODIFIER_FFXIV_2_CAN_BUY_UNIT_BY_FAITH_MELEE');

INSERT INTO Modifiers (ModifierId, ModifierType, RunOnce, Permanent, NewOnly, OwnerRequirementSetId, SubjectRequirementSetId) VALUES 
('MODIFIER_FFXIV_2_CAN_BUY_UNIT_BY_FAITH_MELEE', 'MODIFIER_PLAYER_CITIES_ENABLE_UNIT_FAITH_PURCHASE', 0, 0, 0, NULL, NULL);

INSERT INTO ModifierArguments (ModifierId, Name, Value) VALUES 
('MODIFIER_FFXIV_2_CAN_BUY_UNIT_BY_FAITH_MELEE', 'Tag', 'CLASS_MELEE');

INSERT INTO TraitModifiers (TraitType, ModifierId) VALUES 
('TRAIT_LEADER_FFXIV_2_FOREST_MAIN', 'MODIFIER_FFXIV_2_CAN_BUY_UNIT_BY_FAITH_RANGED');

INSERT INTO Modifiers (ModifierId, ModifierType, RunOnce, Permanent, NewOnly, OwnerRequirementSetId, SubjectRequirementSetId) VALUES 
('MODIFIER_FFXIV_2_CAN_BUY_UNIT_BY_FAITH_RANGED', 'MODIFIER_PLAYER_CITIES_ENABLE_UNIT_FAITH_PURCHASE', 0, 0, 0, NULL, NULL);

INSERT INTO ModifierArguments (ModifierId, Name, Value) VALUES 
('MODIFIER_FFXIV_2_CAN_BUY_UNIT_BY_FAITH_RANGED', 'Tag', 'CLASS_RANGED');

INSERT INTO TraitModifiers (TraitType, ModifierId) VALUES 
('TRAIT_LEADER_FFXIV_2_FOREST_MAIN', 'MODIFIER_FFXIV_2_CAN_BUY_UNIT_BY_FAITH_SIEGE');

INSERT INTO Modifiers (ModifierId, ModifierType, RunOnce, Permanent, NewOnly, OwnerRequirementSetId, SubjectRequirementSetId) VALUES 
('MODIFIER_FFXIV_2_CAN_BUY_UNIT_BY_FAITH_SIEGE', 'MODIFIER_PLAYER_CITIES_ENABLE_UNIT_FAITH_PURCHASE', 0, 0, 0, NULL, NULL);

INSERT INTO ModifierArguments (ModifierId, Name, Value) VALUES 
('MODIFIER_FFXIV_2_CAN_BUY_UNIT_BY_FAITH_SIEGE', 'Tag', 'CLASS_SIEGE');

INSERT INTO TraitModifiers (TraitType, ModifierId) VALUES 
('TRAIT_LEADER_FFXIV_2_FOREST_MAIN', 'MODIFIER_FFXIV_2_CAN_BUY_UNIT_BY_FAITH_HEAVY_CAVALRY');

INSERT INTO Modifiers (ModifierId, ModifierType, RunOnce, Permanent, NewOnly, OwnerRequirementSetId, SubjectRequirementSetId) VALUES 
('MODIFIER_FFXIV_2_CAN_BUY_UNIT_BY_FAITH_HEAVY_CAVALRY', 'MODIFIER_PLAYER_CITIES_ENABLE_UNIT_FAITH_PURCHASE', 0, 0, 0, NULL, NULL);

INSERT INTO ModifierArguments (ModifierId, Name, Value) VALUES 
('MODIFIER_FFXIV_2_CAN_BUY_UNIT_BY_FAITH_HEAVY_CAVALRY', 'Tag', 'CLASS_HEAVY_CAVALRY');

INSERT INTO TraitModifiers (TraitType, ModifierId) VALUES 
('TRAIT_LEADER_FFXIV_2_FOREST_MAIN', 'MODIFIER_FFXIV_2_CAN_BUY_UNIT_BY_FAITH_LIGHT_CAVALRY');

INSERT INTO Modifiers (ModifierId, ModifierType, RunOnce, Permanent, NewOnly, OwnerRequirementSetId, SubjectRequirementSetId) VALUES 
('MODIFIER_FFXIV_2_CAN_BUY_UNIT_BY_FAITH_LIGHT_CAVALRY', 'MODIFIER_PLAYER_CITIES_ENABLE_UNIT_FAITH_PURCHASE', 0, 0, 0, NULL, NULL);

INSERT INTO ModifierArguments (ModifierId, Name, Value) VALUES 
('MODIFIER_FFXIV_2_CAN_BUY_UNIT_BY_FAITH_LIGHT_CAVALRY', 'Tag', 'CLASS_LIGHT_CAVALRY');

INSERT INTO TraitModifiers (TraitType, ModifierId) VALUES 
('TRAIT_LEADER_FFXIV_2_FOREST_MAIN', 'MODIFIER_FFXIV_2_CAN_BUY_UNIT_BY_FAITH_RANGED_CAVALRY');

INSERT INTO Modifiers (ModifierId, ModifierType, RunOnce, Permanent, NewOnly, OwnerRequirementSetId, SubjectRequirementSetId) VALUES 
('MODIFIER_FFXIV_2_CAN_BUY_UNIT_BY_FAITH_RANGED_CAVALRY', 'MODIFIER_PLAYER_CITIES_ENABLE_UNIT_FAITH_PURCHASE', 0, 0, 0, NULL, NULL);

INSERT INTO ModifierArguments (ModifierId, Name, Value) VALUES 
('MODIFIER_FFXIV_2_CAN_BUY_UNIT_BY_FAITH_RANGED_CAVALRY', 'Tag', 'CLASS_RANGED_CAVALRY');

INSERT INTO TraitModifiers (TraitType, ModifierId) VALUES 
('TRAIT_LEADER_FFXIV_2_FOREST_MAIN', 'MODIFIER_FFXIV_2_CAN_BUY_UNIT_BY_FAITH_ANTI_CAVALRY');

INSERT INTO Modifiers (ModifierId, ModifierType, RunOnce, Permanent, NewOnly, OwnerRequirementSetId, SubjectRequirementSetId) VALUES 
('MODIFIER_FFXIV_2_CAN_BUY_UNIT_BY_FAITH_ANTI_CAVALRY', 'MODIFIER_PLAYER_CITIES_ENABLE_UNIT_FAITH_PURCHASE', 0, 0, 0, NULL, NULL);

INSERT INTO ModifierArguments (ModifierId, Name, Value) VALUES 
('MODIFIER_FFXIV_2_CAN_BUY_UNIT_BY_FAITH_ANTI_CAVALRY', 'Tag', 'CLASS_ANTI_CAVALRY');

INSERT INTO TraitModifiers (TraitType, ModifierId) VALUES 
('TRAIT_LEADER_FFXIV_2_FOREST_MAIN', 'MODIFIER_FFXIV_2_CAN_BUY_UNIT_BY_FAITH_HEAVY_CHARIOT');

INSERT INTO Modifiers (ModifierId, ModifierType, RunOnce, Permanent, NewOnly, OwnerRequirementSetId, SubjectRequirementSetId) VALUES 
('MODIFIER_FFXIV_2_CAN_BUY_UNIT_BY_FAITH_HEAVY_CHARIOT', 'MODIFIER_PLAYER_CITIES_ENABLE_UNIT_FAITH_PURCHASE', 0, 0, 0, NULL, NULL);

INSERT INTO ModifierArguments (ModifierId, Name, Value) VALUES 
('MODIFIER_FFXIV_2_CAN_BUY_UNIT_BY_FAITH_HEAVY_CHARIOT', 'Tag', 'CLASS_HEAVY_CHARIOT');

INSERT INTO TraitModifiers (TraitType, ModifierId) VALUES 
('TRAIT_LEADER_FFXIV_2_FOREST_MAIN', 'MODIFIER_FFXIV_2_CAN_BUY_UNIT_BY_FAITH_LIGHT_CHARIOT');

INSERT INTO Modifiers (ModifierId, ModifierType, RunOnce, Permanent, NewOnly, OwnerRequirementSetId, SubjectRequirementSetId) VALUES 
('MODIFIER_FFXIV_2_CAN_BUY_UNIT_BY_FAITH_LIGHT_CHARIOT', 'MODIFIER_PLAYER_CITIES_ENABLE_UNIT_FAITH_PURCHASE', 0, 0, 0, NULL, NULL);

INSERT INTO ModifierArguments (ModifierId, Name, Value) VALUES 
('MODIFIER_FFXIV_2_CAN_BUY_UNIT_BY_FAITH_LIGHT_CHARIOT', 'Tag', 'CLASS_LIGHT_CHARIOT');